Date,50_day_MA,200_day_MA,OBV,Acc/Dist
2020-05-11,,,32718000,13199943.279713348
2020-05-12,,,-1200000,-19576643.054033834
2020-05-13,,,-41568000,-31323728.582433715
2020-05-14,,,-4908000,4238840.646475144
2020-05-15,,,36636000,42233435.82524492
2020-05-18,,,83730000,70812384.44954103
2020-05-19,,,52144000,41384817.72747631
2020-05-20,,,90406000,70722560.41738975
2020-05-21,,,59512000,74432283.94785891
2020-05-22,,,88056000,92779293.61057013
2020-05-26,,,132646000,55022300.32301516
2020-05-27,,,100962000,76258219.7763778
2020-05-28,,,65792000,70786684.41346833
2020-05-29,,,102836000,96369373.72935882
2020-06-01,,,127998000,104035244.54407993
2020-06-02,,,151440000,125964857.44730574
2020-06-03,,,123708000,122568163.77282102
2020-06-04,,,96726000,108255605.43430205
2020-06-05,,,139368000,137050991.36059615
2020-06-08,,,173246000,168276415.68259946
2020-06-09,,,206870000,160346166.12044883
2020-06-10,,,238632000,164262613.34425965
2020-06-11,,,191488000,123305193.2298546
2020-06-12,,,228164000,127469050.78531687
2020-06-15,,,258632000,151069740.74115518
2020-06-16,,,289280000,158443648.21353984
2020-06-17,,,319890000,167207060.38674706
2020-06-18,,,285028000,152899904.78501624
2020-06-19,,,232244000,123465474.15258506
2020-06-22,,,261686000,152369675.5151164
2020-06-23,,,299438000,162069997.16185066
2020-06-24,,,267846000,134203694.80488323
2020-06-25,,,291804000,155595643.13398546
2020-06-26,,,194164000,75907455.54864074
2020-06-29,,,239238000,119367006.24656016
2020-06-30,,,279524000,146720600.2895828
2020-07-01,,,321706000,172964229.853307
2020-07-02,,,378924000,173376638.29878908
2020-07-06,,,423636000,190058925.17494434
2020-07-07,,,381272000,148284515.11824268
2020-07-08,,,413038000,154563634.60848665
2020-07-09,,,454874000,170262908.8440681
2020-07-10,,,490792000,202060296.9893836
2020-07-13,,,447838000,166084804.32038367
2020-07-14,,,485946000,200182514.97837043
2020-07-15,,,454920000,199860220.26505798
2020-07-16,,,428436000,224447054.59392706
2020-07-17,,,462700000,240909370.62436023
2020-07-20,,,492866000,266371471.30342385
2020-07-21,72.19853012084961,,465380000,244154369.43807137
2020-07-22,72.35979019165039,,489862000,264245124.60357302
2020-07-23,72.50136016845703,,455952000,239295888.03590548
2020-07-24,72.661240234375,,426050000,253688352.0045109
2020-07-27,72.83381011962891,,453174000,263331613.38814655
2020-07-28,72.96440017700195,,422264000,240012790.09466133
2020-07-29,73.10273010253906,,444940000,248000315.66271448
2020-07-30,73.26670013427734,,480982000,280069204.5360287
2020-07-31,73.34549011230469,,389514000,310331485.27713495
2020-08-03,73.42150009155273,,344032000,303459516.59258324
2020-08-04,73.48156005859374,,306820000,289972097.2021992
2020-08-05,73.53928009033203,,335954000,285256052.1084774
2020-08-06,73.62395004272462,,369260000,316003703.2203679
2020-08-07,73.70408004760742,,341542000,308119487.1160921
2020-08-10,73.76738006591796,,320996000,314354106.2332852
2020-08-11,73.8130500793457,,289898000,287788221.05486417
2020-08-12,73.8779800415039,,312410000,302821422.5767339
2020-08-13,73.95537994384766,,334798000,293573404.7076535
2020-08-14,74.04570999145508,,312856000,283515352.9498553
2020-08-17,74.12192993164062,,332846000,287453517.91975224
2020-08-18,74.22966995239258,,361224000,313303778.4053846
2020-08-19,74.32220001220703,,330752000,292566733.1101753
2020-08-20,74.43375,,357134000,314423814.7785945
2020-08-21,74.60742004394531,,322296000,310830533.6804986
2020-08-24,74.7796499633789,,347934000,300557083.68298596
2020-08-25,74.96475997924804,,373084000,320790775.0229019
2020-08-26,75.16241989135742,,425272000,355532156.1068326
2020-08-27,75.3383999633789,,393922000,345046527.5052241
2020-08-28,75.54370986938477,,416340000,361995259.6409836
2020-08-31,75.74859985351563,,389918000,347150971.52967435
2020-09-01,75.95301986694336,,412570000,363485706.6665874
2020-09-02,76.20642990112304,,462092000,399919025.60312605
2020-09-03,76.40323989868165,,398366000,366298806.69275093
2020-09-04,76.54334991455079,,342516000,360231488.5416728
2020-09-08,76.70440994262695,,288484000,325847680.47815245
2020-09-09,76.85447006225586,,327726000,338211231.5553652
2020-09-10,76.96247009277344,,294702000,312633891.6021141
2020-09-11,77.03623016357422,,263996000,312499525.67121965
2020-09-14,77.07513015747071,,221336000,275956033.29032886
2020-09-15,77.11060012817383,,244378000,273682781.8339002
2020-09-16,77.1327700805664,,222250000,252072064.47105277
2020-09-17,77.11621002197266,,182242000,266395279.2409061
2020-09-18,77.04863998413086,,119186000,241958162.34968552
2020-09-21,76.93977005004882,,62278000,268661641.94947815
2020-09-22,76.8873599243164,,96228000,294436698.7216326
2020-09-23,76.77588989257812,,58502000,266755858.28215468
2020-09-24,76.68186981201171,,93054000,272135314.6366491
2020-09-25,76.60600982666016,,123380000,291554888.15503466
2020-09-28,76.54781982421875,,154164000,289307367.38906455
2020-09-29,76.44999984741212,,185980000,299983723.5964142
2020-09-30,76.35967987060548,,145056000,285517719.07490695
2020-10-01,76.28272979736329,,177940000,292591067.8868667
2020-10-02,76.22157974243164,,146718000,277630469.8269682
2020-10-05,76.19619979858399,,168320000,295949658.0167452
2020-10-06,76.1177899169922,,142224000,277792755.1696657
2020-10-07,76.07327987670898,,178332000,294038318.24122906
2020-10-08,76.0331999206543,,204408000,309490083.93929636
2020-10-09,76.0052798461914,,237374000,338741622.17222464
2020-10-12,76.08191986083985,,292718000,349469772.5094303
2020-10-13,76.16622985839844,,331790000,335257584.48064965
2020-10-14,76.25636978149414,,298616000,332748749.79432946
2020-10-15,76.33274978637695,,267406000,331109248.1888006
2020-10-16,76.3954998779297,,301600000,331160513.55611694
2020-10-19,76.42707977294921,,271866000,308278715.65948457
2020-10-20,76.48133972167969,,313536000,314387798.0723988
2020-10-21,76.58678970336913,,373858000,301443534.0510111
2020-10-22,76.68620971679688,,404370000,320477521.1442792
2020-10-23,76.80253982543945,,434918000,347889626.94548285
2020-10-26,76.88219985961913,,399092000,331205643.4783263
2020-10-27,76.96483993530273,,424994000,350645141.49241984
2020-10-28,76.91985992431641,,379820000,310095076.91591704
2020-10-29,76.93212997436524,,435226000,316595945.7735044
2020-10-30,76.97198989868164,,535104000,253137250.24877465
2020-11-02,77.02073989868164,,579332000,229173891.94887763
2020-11-03,77.08124984741211,,610764000,242721346.0032483
2020-11-04,77.22124984741211,,682106000,262592414.07704043
2020-11-05,77.33961990356445,,721864000,256447481.198756
2020-11-06,77.4708299255371,,693242000,269292354.46764004
2020-11-09,77.59281997680664,,746682000,222822681.7067051
2020-11-10,77.70100997924804,,703660000,222763044.63698244
2020-11-11,77.79316009521484,,735498000,204308841.3806355
2020-11-12,77.81859008789063,,709024000,187342347.49600556
2020-11-13,77.96134002685547,,738768000,210046081.2248694
2020-11-16,78.15416000366211,,764236000,204174791.03141943
2020-11-17,78.3922200012207,,742922000,188101627.43812466
2020-11-18,78.5856298828125,,722814000,171143352.95367786
2020-11-19,78.81814987182617,,742920000,185338244.50093818
2020-11-20,79.03876983642579,,715226000,159935483.8298439
2020-11-23,79.2574998474121,,692696000,159274801.97679895
2020-11-24,79.48627990722656,,720680000,184102625.43499318
2020-11-25,79.73831985473633,,740280000,192576355.59922296
2020-11-27,80.03829986572265,,755070000,198265469.39835453
2020-11-30,80.34160995483398,,722652000,178934483.52095068
2020-12-01,80.70682983398437,,760002000,182733758.020406
2020-12-02,81.07197982788085,,789426000,202545537.34712088
2020-12-03,81.48442993164062,,764698000,186739322.9050082
2020-12-04,81.88533004760743,,785242000,192459913.0764894
2020-12-07,82.26330001831055,,762954000,193928833.64940605
2020-12-08,82.6159700012207,,743018000,206371584.56407034
2020-12-09,82.92780990600586,,711290000,189807211.4472765
2020-12-10,83.2298599243164,,682602000,208337552.8676039
2020-12-11,83.51675994873047,,701230000,223159481.64752218
2020-12-14,83.81341995239258,,668180000,195196653.31353226
2020-12-15,84.091669921875,,689532000,210964546.7131947
2020-12-16,84.39783981323242,,664856000,206299920.92456618
2020-12-17,84.67920974731446,,629976000,189781738.59146455
2020-12-18,84.92199966430664,,544720000,161873918.4769321
2020-12-21,85.14610961914063,,578694000,191992215.17855203
2020-12-22,85.30173965454101,,558324000,193548640.59357652
2020-12-23,85.46289962768554,,581298000,184673974.26880613
2020-12-24,85.63361968994141,,590610000,185478363.39332664
2020-12-28,85.85210968017579,,618260000,197167450.3632109
2020-12-29,86.0421696472168,,598534000,180575371.3797321
2020-12-30,86.24846969604492,,577508000,168274922.1278967
2020-12-31,86.45002975463868,,598578000,179779457.77320397
2021-01-04,86.59016983032227,,561254000,168066479.2568521
2021-01-05,86.72355987548828,,581614000,179202309.05970603
2021-01-06,86.81345977783204,,535026000,184739776.84796375
2021-01-07,87.00350982666015,,576962000,220959606.80788928
2021-01-08,87.20245986938477,,612446000,253596709.8224319
2021-01-11,87.44794982910156,,577650000,227758594.90819162
2021-01-12,87.62849975585938,,548122000,222359632.45991075
2021-01-13,87.75963989257812,,571554000,231057000.8842785
2021-01-14,87.86623977661132,,542342000,208676149.77849725
2021-01-15,87.9481997680664,,510898000,205094693.15634793
2021-01-19,87.98681976318359,,552558000,224026824.93937695
2021-01-20,88.10438980102539,,616710000,256746707.6325041
2021-01-21,88.22880966186523,,675344000,208666141.37393606
2021-01-22,88.3599496459961,,708088000,213632380.39352244
2021-01-25,88.51650955200195,,758674000,219751619.81697166
2021-01-26,88.67722946166992,,790136000,238825744.33700415
2021-01-27,88.7533494567871,,707624000,199280691.55946076
2021-01-28,88.83428955078125,,762902000,187068999.9112462
2021-01-29,88.88761947631836,,718372000,192511598.15771025
2021-02-01,89.01902954101563,,758624000,207267900.4343771
2021-02-02,89.19750961303711,,824956000,180272573.58070168
2021-02-03,89.49781967163086,,922838000,177737999.40995812
2021-02-04,89.81506973266602,,874242000,181802247.0664835
2021-02-05,90.17633972167968,,904108000,202423706.65090185
2021-02-08,90.4969596862793,,875280000,197227320.25590992
2021-02-09,90.80821975708008,,853388000,183612997.3216817
2021-02-10,91.10767974853516,,878490000,195367395.21476552
2021-02-11,91.4420297241211,,898970000,207293769.20797977
2021-02-12,91.74169982910156,,917960000,219736641.65921113
2021-02-16,92.02742996215821,,948964000,210741505.7763656
2021-02-17,92.32420989990234,,969258000,226487314.18415034
2021-02-18,92.606259765625,,946712000,223576561.44892058
2021-02-19,92.87803970336914,,908774000,197251895.4536697
2021-02-22,93.12096969604492,,879308000,179196637.95643073
2021-02-23,93.40322967529296,,913966000,203423908.32079044
2021-02-24,93.7193896484375,81.37686489105225,936574000,222677307.93373543
2021-02-25,93.96053970336914,81.52995491027832,895026000,191403616.51583093
2021-02-26,94.23018966674805,81.69163738250732,935068000,181513917.2387755
2021-03-01,94.53876968383788,81.87196990966797,961128000,199383838.0434294
2021-03-02,94.84605972290039,82.04887489318848,935564000,184308562.96376848
2021-03-03,95.11695983886719,82.20846240997315,901672000,164810113.69795418
2021-03-04,95.42466995239258,82.37064990997314,950888000,156156835.78105676
2021-03-05,95.78718002319336,82.55131740570069,1003988000,196892635.0000211
2021-03-08,96.07445999145507,82.70090240478515,967120000,161593794.80901557
2021-03-09,96.3865899658203,82.85930488586426,1001040000,139076228.02489075
2021-03-10,96.6886199951172,83.01504238128662,973940000,133697510.53187272
2021-03-11,97.01520004272462,83.18483489990234,1001642000,150555212.4591248
2021-03-12,97.30744003295898,83.34226490020752,967824000,143049198.43953383
2021-03-15,97.62563003540039,83.5013148880005,993992000,168159069.1991674
2021-03-16,97.95688003540039,83.66390739440918,1025892000,165115212.2767379
2021-03-17,98.31296997070312,83.82574489593506,999510000,175364230.6190102
2021-03-18,98.59425994873047,83.97050239562988,967810000,146426912.6193673
2021-03-19,98.8983399963379,84.11742988586425,1013882000,165269106.09444815
2021-03-22,99.15468994140625,84.27152740478516,1047418000,164331652.02403745
2021-03-23,99.39818984985351,84.42185489654541,1075928000,156870501.29511288
2021-03-24,99.67442993164063,84.5679774093628,1050710000,136265069.8707091
2021-03-25,99.96945999145508,84.71307243347168,1015094000,152933894.41779575
2021-03-26,100.2469400024414,84.85307994842529,987116000,157830630.00803253
2021-03-29,100.5618099975586,85.01405242919923,1013608000,180181621.1163851
2021-03-30,100.88066009521485,85.17243991851807,1040920000,174126029.26133248
2021-03-31,101.15871002197265,85.3328849029541,1083490000,165212958.7780351
2021-04-01,101.40841995239258,85.50371238708496,1123370000,194349091.39754587
2021-04-05,101.74322998046875,85.6953173828125,1171880000,231243960.00048798
2021-04-06,102.05992996215821,85.88910236358643,1136640000,216090985.6743542
2021-04-07,102.40468002319336,86.09269985198975,1160774000,231816559.01131594
2021-04-08,102.74716003417969,86.29264236450196,1189438000,217932802.06985378
2021-04-09,103.1988900756836,86.49431488037109,1215584000,239378058.11038864
2021-04-12,103.59031005859374,86.69729488372803,1190560000,243277726.56346008
2021-04-13,104.01738006591796,86.9006273651123,1216242000,246220625.64808553
2021-04-14,104.36621994018554,87.1204698562622,1195240000,233095089.83525276
2021-04-15,104.73234985351563,87.34248985290527,1224414000,248277390.44996083
2021-04-16,104.95621978759766,87.55866485595703,1198132000,248660537.05730233
2021-04-19,105.19234970092774,87.77060485839844,1228422000,253350040.54914868
2021-04-20,105.38252975463867,87.97287487030029,1206134000,254361212.05433697
2021-04-21,105.57635986328125,88.16754989624023,1182930000,275388692.2326884
2021-04-22,105.75348983764648,88.35819988250732,1158784000,263375366.22080442
2021-04-23,105.96693984985352,88.557282371521,1187850000,284421775.5114254
2021-04-26,106.18811981201172,88.75509986877441,1219888000,282078627.1073968
2021-04-27,106.38406982421876,88.94309238433839,1175502000,250944076.46850368
2021-04-28,106.63240982055665,89.15479488372803,1256608000,181916834.41465667
2021-04-29,106.90654983520508,89.37276988983155,1297842000,192133583.36753625
2021-04-30,107.15423995971679,89.58192489624024,1252986000,164920058.95514587
2021-05-03,107.40850997924805,89.78896488189697,1224744000,145975488.5973178
2021-05-04,107.66108001708984,89.98645988464355,1179926000,166964091.29212388
2021-05-05,107.91573013305664,90.17419239044189,1206562000,153267341.4634428
2021-05-06,108.16927017211914,90.36954990386963,1231752000,178457341.4634428
2021-05-07,108.50525009155274,90.5663198852539,1260650000,162850699.1475637
2021-05-10,108.77509017944335,90.76006988525391,1229736000,141531703.94589266
2021-05-11,108.97549011230468,90.95053237915039,1195550000,160645146.33542612
2021-05-12,109.11126007080078,91.11823738098144,1149174000,125581508.86328545
2021-05-13,109.32889007568359,91.29958488464355,1182378000,137677988.3394879
2021-05-14,109.5733399963379,91.48830238342285,1214374000,157988764.1381352
2021-05-17,109.76518997192383,91.6759398651123,1235972000,178502786.72130823
2021-05-18,110.02015991210938,91.86956985473633,1213768000,156572124.92957056
2021-05-19,110.25129989624024,92.06675483703613,1237452000,176919812.00498706
2021-05-20,110.52205993652343,92.27516735076904,1269804000,197798869.21489245
2021-05-21,110.71564987182617,92.47892734527588,1229172000,170431638.84391856
2021-05-24,111.02668991088868,92.69294986724853,1261004000,196905963.21672434
2021-05-25,111.33511993408203,92.90907485961914,1283444000,186645531.9708679
2021-05-26,111.63153991699218,93.12994735717774,1305016000,191595814.56587106
2021-05-27,111.91199996948242,93.35048236846924,1269792000,170164925.3005657
2021-05-28,112.24750991821288,93.56288486480713,1248310000,156084047.01649615
2021-06-01,112.60172988891601,93.77901737213135,1271664000,172705999.7109325
2021-06-02,112.94162994384766,93.9955073928833,1250506000,170235625.50150147
2021-06-03,113.24787994384765,94.20334239959716,1231810000,176095968.36371738
2021-06-04,113.60891983032226,94.41278987884522,1256268000,193260583.85666925
2021-06-07,113.978759765625,94.62721237182618,1280388000,212845726.4171106
2021-06-08,114.35246963500977,94.83275985717773,1256148000,195777738.0616559
2021-06-09,114.71461975097657,95.04085235595703,1274090000,202626899.4542423
2021-06-10,115.1032797241211,95.2533473587036,1299994000,227131896.74062163
2021-06-11,115.47095977783204,95.4594348526001,1278036000,226861911.67760205
2021-06-14,115.79008987426758,95.6606298828125,1300134000,248945734.89843535
2021-06-15,115.9995199584961,95.8605973815918,1278572000,236500165.87217724
2021-06-16,116.20570999145508,96.05460239410401,1252100000,238570978.97098672
2021-06-17,116.40154998779298,96.25593738555908,1277942000,244506022.46892896
2021-06-18,116.5533399963379,96.44272239685058,1231826000,203965808.49961954
2021-06-21,116.71891998291015,96.62243740081787,1259240000,226487948.95444223
2021-06-22,116.9209098815918,96.82671237945557,1281630000,246548321.05915236
2021-06-23,117.10901992797852,97.04204486846923,1262482000,236283326.6556819
2021-06-24,117.31710998535156,97.27364486694336,1283844000,226231382.15737846
2021-06-25,117.48203002929688,97.49937984466553,1318438000,252759668.17373735
2021-06-28,117.6500001525879,97.73054737091064,1346964000,270987759.1401448
2021-06-29,117.8056901550293,97.9629698562622,1323856000,268086102.93280914
2021-06-30,117.9684701538086,98.19620986938476,1299382000,283475428.94533736
2021-07-01,118.13901016235351,98.42465240478515,1317492000,296695653.0212051
2021-07-02,118.39164016723633,98.67291740417481,1343474000,319430600.5574728
2021-07-06,118.61551025390625,98.9321074295044,1369878000,339024404.5211925
2021-07-07,118.8350602722168,99.20170494079589,1393938000,328621808.49577457
2021-07-08,119.04496017456054,99.46938991546631,1370148000,335735357.74155986
2021-07-09,119.19629013061524,99.73202743530274,1388780000,347563573.9703259
2021-07-12,119.34304016113282,100.01455745697021,1406448000,362954139.5745818
2021-07-13,119.53637008666992,100.29554996490478,1425688000,362272515.93717504
2021-07-14,119.75803009033203,100.57696994781494,1449430000,349375828.1835616
2021-07-15,119.99130004882812,100.8473299407959,1425212000,335760153.3015185
2021-07-16,120.21593002319337,101.1156749343872,1404788000,335452172.5729055
2021-07-19,120.3701400756836,101.37216495513916,1376820000,329713633.2208378
2021-07-20,120.54240020751953,101.63123748779297,1403132000,339735217.9263301
2021-07-21,120.80163024902343,101.90508251190185,1423878000,359241154.4653794
2021-07-22,121.1000001525879,102.17648246765137,1438180000,371755168.8247514
2021-07-23,121.56005020141602,102.47880245208741,1479686000,404402791.46130043
2021-07-26,122.01171020507813,102.78419246673585,1510258000,428593583.9087757
2021-07-27,122.37133010864258,103.07283493041992,1455548000,419638486.93815285
2021-07-28,122.80429000854492,103.37569240570069,1550678000,375956353.89185345
2021-07-29,123.25736999511719,103.66343238830567,1518962000,357545066.33504224
2021-07-30,123.68040008544922,103.94529739379882,1493386000,354949537.4022129
2021-08-02,124.07054016113281,104.22870994567872,1515020000,363063277.1958601
2021-08-03,124.48901031494141,104.517992477417,1535782000,382069820.91048014
2021-08-04,124.83048034667969,104.80169498443604,1516106000,384007824.00816214
2021-08-05,125.19264022827149,105.1004649734497,1533976000,399536904.2277082
2021-08-06,125.52710006713868,105.39138744354248,1513488000,396201682.96566737
2021-08-09,125.90267990112305,105.67945491790772,1531248000,408742785.8593984
2021-08-10,126.28197006225587,105.96182495117188,1511834000,401531571.01247346
2021-08-11,126.62637023925781,106.23497497558594,1496482000,386342934.3155631
2021-08-12,126.99966018676758,106.52487247467042,1512988000,400982105.1378054
2021-08-13,127.40663009643555,106.81378993988037,1528936000,411933149.8486579
2021-08-16,127.77925003051757,107.1276374053955,1551320000,433542512.04420507
2021-08-17,128.11018005371093,107.42172489166259,1529604000,423353301.34943646
2021-08-18,128.42072021484375,107.69494243621826,1510346000,406849575.5618951
2021-08-19,128.7263800048828,107.96726238250733,1532128000,414697254.44772774
2021-08-20,129.03984008789064,108.24299491882324,1563322000,442520124.99311006
2021-08-23,129.41047012329102,108.50673992156982,1591776000,456464187.7283907
2021-08-24,129.7867901611328,108.77242244720459,1611044000,457620460.18723184
2021-08-25,130.19998001098634,109.0428849029541,1626892000,469162898.0916829
2021-08-26,130.61334014892577,109.30973243713379,1606282000,451798852.2506159
2021-08-27,131.0585501098633,109.59532241821289,1635062000,470872607.05772436
2021-08-30,131.54814010620117,109.88146739959717,1659496000,457996680.92419064
2021-08-31,132.0058399963379,110.16924987792969,1681944000,456546921.46977913
2021-09-01,132.4635400390625,110.45226238250733,1703880000,445238831.2864063
2021-09-02,132.8867401123047,110.72518989562988,1671538000,415723167.8747692
2021-09-03,133.31153015136718,111.00347240447998,1691388000,426171508.4990354
2021-09-07,133.74697021484374,111.28971492767334,1711512000,434191310.55397356
2021-09-08,134.1700700378418,111.56852741241455,1693168000,433955387.7201861
2021-09-09,134.59544006347656,111.8521374130249,1677854000,428467657.9351298
2021-09-10,134.9711701965332,112.12462745666504,1641014000,394182080.20556754
2021-09-13,135.36893020629884,112.39531497955322,1663108000,400225600.5940391
2021-09-14,135.71467010498046,112.66700496673585,1682782000,399932658.8099127
2021-09-15,136.07946014404297,112.94239749908448,1710190000,426969752.2510362
2021-09-16,136.42218017578125,113.22184749603271,1684000000,434122430.2770771
2021-09-17,136.73730026245119,113.47700752258301,1630616000,392561814.8451964
2021-09-20,137.00132019042968,113.71436252593995,1584098000,429334902.80280447
2021-09-21,137.24247024536132,113.95406753540038,1609430000,426068926.1992501
2021-09-22,137.5013101196289,114.19954498291015,1634486000,438175803.88693917
2021-09-23,137.7608901977539,114.45136749267579,1655438000,443579641.89610624
2021-09-24,138.06509017944336,114.70960998535156,1678422000,464022508.24438065
2021-09-27,138.347130279541,114.970505027771,1656540000,465636470.370659
2021-09-28,138.57217025756836,115.20774253845215,1610768000,431379481.2455952
2021-09-29,138.73505020141602,115.43581005096435,1579920000,409703185.78376776
2021-09-30,138.85759002685546,115.66612503051758,1541924000,376297514.2190186
2021-10-01,139.02002014160155,115.908570022583,1577284000,402498015.619865
2021-10-04,139.03291015625,116.1375700378418,1526082000,405714786.9101134
2021-10-05,139.07266998291016,116.38255752563477,1558486000,413659151.68287337
2021-10-06,139.1859701538086,116.6388275527954,1582850000,435206098.67283595
2021-10-07,139.2485903930664,116.90131259918213,1607960000,430819609.3846535
2021-10-08,139.32875061035156,117.1701851272583,1634486000,431356134.39356077
2021-10-11,139.41250061035157,117.43269763946533,1616532000,414468087.9998981
2021-10-12,139.44439056396484,117.68140266418457,1580200000,391497748.99255174
2021-10-13,139.48343048095703,117.9258226776123,1599854000,400057431.5979773
2021-10-14,139.6039404296875,118.1921376800537,1631748000,427216695.3491236
2021-10-15,139.70627044677735,118.46491516113281,1662022000,435484230.16872716
2021-10-18,139.847060546875,118.74064514160156,1682418000,455454817.78848183
2021-10-19,139.97354064941408,119.02529762268067,1702582000,459468389.7094377
2021-10-20,140.07278045654297,119.29913009643555,1679294000,444606793.01227003
2021-10-21,140.1849203491211,119.5778401184082,1705586000,462325209.4209388
2021-10-22,140.19237030029296,119.8220875930786,1654998000,445496076.9992468
2021-10-25,140.18676055908202,120.05986511230469,1620586000,465133549.04360145
2021-10-26,140.20674072265626,120.31733512878418,1669822000,471487276.26251096
2021-10-27,140.39786071777343,120.6140651321411,1755604000,512128247.306282
2021-10-28,140.60586059570312,120.90649761199951,1719398000,510883633.31477046
2021-10-29,140.85318084716798,121.21399765014648,1762718000,549476737.9113097
2021-11-01,140.97453063964844,121.49957763671875,1715794000,507838422.01188046
2021-11-02,141.0823504638672,121.78062259674073,1749276000,506667644.138649
2021-11-03,141.1890805053711,122.04359512329101,1776770000,532282868.62904435
2021-11-04,141.31285064697266,122.31389514923096,1815182000,537816739.9307272
2021-11-05,141.46108062744142,122.58501518249511,1853536000,523045846.0442894
2021-11-08,141.56162078857423,122.85660022735595,1876588000,512667583.2966713
2021-11-09,141.64818084716796,123.12420524597168,1857058000,518380683.1281445
2021-11-10,141.67210083007814,123.39893772125244,1827088000,511419279.1904496
2021-11-11,141.68312072753906,123.66447017669678,1810570000,497735362.7938656
2021-11-12,141.7909405517578,123.95102016448975,1832930000,517858559.1874959
2021-11-15,141.8851904296875,124.22001262664794,1809422000,515233277.2499529
2021-11-16,141.95710052490233,124.47961265563964,1790518000,511022463.81798095
2021-11-17,142.04422058105467,124.70512763977051,1810112000,515395618.7547249
2021-11-18,142.17017059326173,124.94091262817383,1845720000,531403247.20082957
2021-11-19,142.33118041992188,125.16333763122559,1812038000,498617140.2751639
2021-11-22,142.41057037353517,125.37371765136719,1781444000,470590570.0211679
2021-11-23,142.4753204345703,125.5837801361084,1754226000,479028543.3047777
2021-11-24,142.50913024902343,125.79276012420654,1772266000,494578577.94511986
2021-11-26,142.48059020996095,125.98148761749268,1741796000,471751336.8952688
2021-11-29,142.5752001953125,126.18538261413575,1774392000,483547832.7917835
2021-11-30,142.63876037597657,126.36719512939453,1732324000,447141923.48768306
2021-12-01,142.67913024902344,126.54279762268067,1698304000,415005678.87452084
2021-12-02,142.73278045654297,126.73117515563965,1727498000,429826692.3314849
2021-12-03,142.74849029541016,126.91898014068603,1686268000,422805841.7999027
2021-12-06,142.7672903442383,127.1211901473999,1716886000,441887911.8440409
2021-12-07,142.891240234375,127.3425076675415,1749126000,466807851.6968525
2021-12-08,143.13837005615235,127.56248764038087,1773396000,486033001.75060767
2021-12-09,143.40407012939454,127.7966926574707,1750126000,475036862.87645227
2021-12-10,143.69058013916015,128.0312226486206,1774584000,478495546.73373705
2021-12-13,143.87625030517577,128.2429401779175,1747514000,458246983.95337033
2021-12-14,144.08120025634764,128.4463551712036,1709068000,483198658.05548507
2021-12-15,144.2895602416992,128.67570762634278,1745438000,515529967.9575117
2021-12-16,144.42716033935548,128.88945014953615,1711788000,495737007.98270553
2021-12-17,144.47716033935546,129.07380767822266,1661372000,462229236.6869277
2021-12-20,144.51359008789063,129.2799676513672,1634180000,485708217.14005685
2021-12-21,144.60476013183595,129.48724018096925,1662936000,507690570.5782127
2021-12-22,144.80407989501953,129.71026763916015,1689258000,532708827.0062507
2021-12-23,144.9907699584961,129.91971515655518,1715642000,520006717.9847189
2021-12-27,145.12587982177735,130.1467476272583,1731618000,524080627.04255813
2021-12-28,145.23225982666017,130.36657260894776,1713418000,516138055.23522276
2021-12-29,145.3097998046875,130.57887508392335,1695630000,518605790.1230347
2021-12-30,145.36906982421874,130.78932258605957,1679942000,507868594.84970814
2021-12-31,145.43072998046875,131.00824760437013,1661806000,489732594.84970814
2022-01-03,145.4928399658203,131.2264651107788,1690452000,495346651.48849314
2022-01-04,145.6295001220703,131.44079013824464,1662052000,480959442.775779
2022-01-05,145.6360598754883,131.61933261871337,1607434000,427736508.24650246
2022-01-06,145.60483978271483,131.79993759155275,1570086000,416652944.4723045
2022-01-07,145.42082977294922,131.97690757751465,1540326000,414644540.66728884
2022-01-10,145.2772396850586,132.16407253265382,1584734000,456696534.2993401
2022-01-11,145.11103942871094,132.35130500793457,1613464000,477598680.53433466
2022-01-12,145.06970947265626,132.5468399810791,1639572000,471574622.25821686
2022-01-13,144.9327996826172,132.72414501190187,1608136000,442658721.32159513
2022-01-14,144.7904495239258,132.88910251617432,1637798000,452329393.6784637
2022-01-18,144.54505950927734,133.0143525314331,1602926000,440506128.6990131
2022-01-19,144.27034942626952,133.13762004852296,1574278000,413823745.75734276
2022-01-20,143.95587921142578,133.24440002441406,1544370000,388317110.9556917
2022-01-21,143.5845391845703,133.33355003356934,1488718000,338837017.90214056
2022-01-24,143.28274932861328,133.41990253448486,1565340000,406337035.6126175
2022-01-25,142.90611938476562,133.49342250823975,1518380000,373455938.0952977
2022-01-26,142.51721954345703,133.57598003387452,1567510000,359399672.46012276
2022-01-27,142.1282797241211,133.66052757263185,1535560000,328695202.7028687
2022-01-28,141.83777954101564,133.75597007751466,1569922000,362979493.4949842
2022-01-31,141.58290954589845,133.8618000793457,1609908000,398811662.3303428
2022-02-01,141.33901947021485,133.9775800704956,1678552000,461482177.2037098
2022-02-02,141.32048950195312,134.1478275680542,1801752000,439619441.7608898
2022-02-03,141.25624938964845,134.29369003295898,1730234000,376763779.7636109
2022-02-04,141.2064694213867,134.44702503204346,1788232000,392673309.2890136
2022-02-07,141.06808959960938,134.5680475616455,1733258000,343885369.89058
2022-02-08,141.01240966796874,134.68756008148193,1787542000,376317625.7237856
2022-02-09,140.9336395263672,134.82277503967285,1827686000,384432064.3004644
2022-02-10,140.8680892944336,134.92611499786378,1788356000,359886243.5908813
2022-02-11,140.73270935058594,134.99933750152587,1748398000,332179863.9037706
2022-02-14,140.5839093017578,135.0885924911499,1782700000,349034980.5843917
2022-02-15,140.47604949951173,135.18586502075195,1809380000,340717206.0832875
2022-02-16,140.36770965576173,135.29784755706788,1834402000,360231649.2537544
2022-02-17,140.07309967041016,135.3818500518799,1795452000,322298486.6149519
2022-02-18,139.71742980957032,135.44952754974366,1749832000,281542506.56342626
2022-02-22,139.36092987060547,135.5106126022339,1704842000,272708487.606592
2022-02-23,138.95265991210937,135.5756150817871,1672056000,240799503.04248044
2022-02-24,138.68994964599608,135.67155506134034,1726512000,291073010.28028256
2022-02-25,138.50099975585937,135.79379009246827,1762918000,310682699.3481537
2022-02-28,138.27332000732423,135.91181510925293,1801782000,332458613.71722454
2022-03-01,138.06564971923828,136.01252758026124,1775286000,320671786.27239156
2022-03-02,137.9225796508789,136.11315509796142,1798806000,329356343.4459912
2022-03-03,137.76842987060547,136.21703514099121,1774202000,317349934.5428
2022-03-04,137.53710968017577,136.30869262695313,1743772000,314093852.92538923
2022-03-07,137.1363798522949,136.36384761810302,1698660000,270366786.1121186
2022-03-08,136.74013977050782,136.4258376312256,1739088000,250676674.11308193
2022-03-09,136.45040985107423,136.5026776123047,1776114000,281610416.47673786
2022-03-10,136.16526000976563,136.57410762786864,1749012000,289357951.32075465
2022-03-11,135.8295700073242,136.62838260650634,1717486000,261450904.88480195
2022-03-14,135.4245799255371,136.66746757507323,1678674000,232859683.33345062
2022-03-15,135.11149978637695,136.72424507141113,1709594000,253959064.0880095
2022-03-16,134.87727981567383,136.79535259246825,1745170000,288722888.6341609
2022-03-17,134.66606979370118,136.87190010070802,1773434000,309784828.9999517
2022-03-18,134.63307998657226,136.96563262939452,1818000000,351700694.95399356
2022-03-21,134.60016006469726,137.04774765014648,1791168000,361322106.40671074
2022-03-22,134.65718002319335,137.14651264190672,1826664000,379860846.14862037
2022-03-23,134.6493000793457,137.2382801437378,1801510000,367344587.68381536
2022-03-24,134.6860203552246,137.34415515899659,1827906000,393099235.8698002
2022-03-25,134.69087051391602,137.44373767852784,1852032000,409622539.11283165
2022-03-28,134.7482405090332,137.54346519470215,1816982000,427171704.79289293
2022-03-29,134.80874038696288,137.64376514434815,1851300000,411117292.2937624
2022-03-30,134.92755050659179,137.74636016845704,1831416000,403247145.90181327
2022-03-31,135.0065705871582,137.83783519744873,1793892000,366769688.1820983
2022-04-01,135.1434306335449,137.92987018585205,1819834000,385025711.78087676
2022-04-04,135.39583053588868,138.04417266845704,1845776000,399672542.10193217
2022-04-05,135.5915705871582,138.13806518554688,1824358000,381679076.25593674
2022-04-06,135.78383071899415,138.20915271759034,1791890000,366629911.80189365
2022-04-07,135.91694076538087,138.2779602432251,1765656000,370068899.1668147
2022-04-08,136.0025907897949,138.33189777374267,1740514000,350913873.2023142
2022-04-11,135.9120408630371,138.3634727859497,1703630000,317369231.6728684
2022-04-12,135.76026092529298,138.38936527252199,1670920000,297244158.6616471
2022-04-13,135.60526092529298,138.42747276306153,1698848000,315694042.81735367
2022-04-14,135.17986099243163,138.45067527770996,1667250000,286198042.88816905
2022-04-18,134.87159103393554,138.4768352508545,1688058000,296020548.4923413
2022-04-19,134.60591110229493,138.5005927658081,1714548000,317361304.9556487
2022-04-20,134.38269088745116,138.50984272003174,1682852000,294444796.1522048
2022-04-21,134.0910008239746,138.5015452194214,1646406000,261766392.72527492
2022-04-22,133.65187088012695,138.47450271606445,1589522000,217362186.97536886
2022-04-25,133.34095092773438,138.46228019714354,1635650000,259551445.8260525
2022-04-26,133.0283009338379,138.42065269470214,1562596000,191575965.52911854
2022-04-27,132.60367095947265,138.35541770935058,1470776000,163258641.70566085
2022-04-28,132.24195083618164,138.30684520721437,1519660000,192233991.21173874
2022-04-29,131.76938064575197,138.24236770629884,1476984000,155690907.5940801
2022-05-02,131.45026062011718,138.19043270111084,1512518000,188439129.99216312
2022-05-03,131.18888061523438,138.15421268463135,1537486000,190425138.18088397
2022-05-04,131.0378305053711,138.13447017669677,1587402000,232684603.17598897
2022-05-05,130.81618057250978,138.0792526626587,1541562000,209637341.17172253
2022-05-06,130.47729064941407,138.01587768554688,1501852000,208587534.223738
2022-05-09,130.0383206176758,137.9133576965332,1461050000,181326468.22135237
2022-05-10,129.62508041381835,137.81515766143798,1500950000,177032064.70083195
2022-05-11,129.21590057373047,137.7236701965332,1463416000,148281536.84791738
2022-05-12,128.78135055541992,137.60742023468018,1409580000,167170263.72036707
2022-05-13,128.42437042236327,137.50878524780273,1444618000,172265913.550537
2022-05-16,128.07514053344727,137.40737773895265,1418628000,158937505.54007226
2022-05-17,127.87703048706055,137.31547019958495,1441682000,172292876.0357201
2022-05-18,127.57293045043946,137.1968176651001,1406556000,143452941.57559156
2022-05-19,127.11221054077149,137.07311016082764,1372412000,118020820.90450948
2022-05-20,126.64178039550781,136.93639266967773,1323450000,116763546.44583566
2022-05-23,126.27413040161133,136.8151401901245,1360634000,139549871.53200644
2022-05-24,125.87451049804687,136.6604252243042,1283854000,199929705.33348894
2022-05-25,125.40665054321289,136.5054151916504,1243596000,219019342.0665454
2022-05-26,124.89689056396485,136.362982673645,1281544000,237974066.07602727
2022-05-27,124.4664404296875,136.23859516143798,1319458000,275852221.2504269
2022-05-31,124.01917037963867,136.11876770019532,1369470000,271892605.29683125
2022-06-01,123.57498031616211,135.99668022155763,1406076000,247490152.22803897
2022-06-02,123.13007034301758,135.9014852142334,1444068000,281232683.13150615
2022-06-03,122.65538040161132,135.79694519042968,1417932000,274164840.5969044
2022-06-06,122.16035034179687,135.7026477432251,1451474000,254459090.46147838
2022-06-07,121.66988021850585,135.60124771118163,1483064000,273085006.49477136
2022-06-08,121.1846501159668,135.48701019287108,1509172000,262717337.11526555
2022-06-09,120.63125030517578,135.3548801803589,1483374000,237790766.22128654
2022-06-10,120.01571014404297,135.2002927017212,1441922000,218978734.66657257
2022-06-13,119.36221008300781,135.02505268096922,1394670000,181398118.55815923
2022-06-14,118.69351013183594,134.83861019134523,1428376000,176741577.19883552
2022-06-15,118.02937026977538,134.6644802093506,1468074000,181352265.07227772
2022-06-16,117.33822021484374,134.47116024017333,1416390000,156036621.26881433
2022-06-17,116.7501301574707,134.2808002471924,1467766000,163651313.66260642
2022-06-21,116.26324005126953,134.1220852279663,1515182000,188014509.30015412
2022-06-22,115.82723999023438,133.96082523345947,1484408000,180186129.42077282
2022-06-23,115.49560989379883,133.80063270568849,1512770000,195885059.05124688
2022-06-24,115.30081985473633,133.67205272674562,1553934000,235378830.12340948
2022-06-27,115.01960998535156,133.53351524353027,1517514000,212969961.13576236
2022-06-28,114.72515991210938,133.389172706604,1481722000,179268531.9313201
2022-06-29,114.40565994262695,133.2360176849365,1457006000,172463025.6340741
2022-06-30,113.98473983764649,133.0681101989746,1413836000,175467548.6218169
2022-07-01,113.59869003295898,132.88965019226075,1378360000,196511052.92782837
2022-07-05,113.36766006469726,132.7379151916504,1417702000,234679833.26653337
2022-07-06,113.26639007568359,132.60677516937255,1455134000,253593731.71320555
2022-07-07,113.18057006835937,132.50709266662597,1496070000,286889431.03486127
2022-07-08,113.19464004516601,132.4086951446533,1534308000,316019626.77051455
2022-07-11,113.22227996826172,132.2856601715088,1503112000,292916465.2792451
2022-07-12,113.13223999023438,132.14968265533446,1473152000,268986747.03744596
2022-07-13,113.07712005615234,131.99537517547608,1429430000,229703394.18454337
2022-07-14,112.95281005859376,131.841852645874,1392426000,246967346.77012157
2022-07-15,112.84167999267578,131.72159011840822,1439196000,236832389.52262697
2022-07-18,112.57705993652344,131.59497261047363,1396031400,204397913.00737965
2022-07-19,112.52314987182618,131.49564262390138,1432562300,237488697.7025716
2022-07-20,112.48621994018555,131.38242763519287,1468162700,236513321.34221312
2022-07-21,112.52279983520508,131.28583011627197,1500838900,265199860.5785645
2022-07-22,112.39289993286133,131.1452151489258,1451937700,239744481.65660906
2022-07-25,112.2710499572754,130.99494014739992,1417246800,228569526.09794286
2022-07-26,112.11456985473633,130.82391510009765,1369255800,209710375.0114235
2022-07-27,112.05475982666016,130.6902875518799,1429114300,252321391.2187102
2022-07-28,112.05025985717774,130.56681755065918,1461930900,282403383.22002417
2022-07-29,112.04719985961914,130.46617252349853,1499154300,311672209.4053494
2022-08-01,112.10640991210937,130.35256252288818,1473120000,297014312.3096423
2022-08-02,112.20132980346679,130.22245750427246,1493356000,298476190.2682115
2022-08-03,112.38476989746094,130.10601753234863,1521855000,317172967.9223423
2022-08-04,112.51880996704102,129.98307754516603,1543457900,325288422.4156131
2022-08-05,112.74880996704101,129.85424255371095,1524298400,332825112.2175382
2022-08-08,112.97871002197266,129.73189758300782,1505160100,318603134.216297
2022-08-09,113.15545989990234,129.60561756134032,1486073600,321329725.38989645
2022-08-10,113.3031298828125,129.51628505706788,1517004000,322192230.29764444
2022-08-11,113.40468978881836,129.4232500076294,1492710300,302541674.0765639
2022-08-12,113.56044982910156,129.33510749816895,1511806600,321637974.0765639
2022-08-15,113.64959991455078,129.21442001342774,1531301400,336057184.0155288
2022-08-16,113.79277984619141,129.09367500305177,1512260200,339567509.36684304
2022-08-17,113.8473698425293,128.95119499206544,1489413200,320787645.521316
2022-08-18,113.9077798461914,128.83456001281738,1507400900,327640068.43313104
2022-08-19,113.90809982299805,128.6934475326538,1485591400,314043297.26075774
2022-08-22,113.89618972778321,128.53165748596192,1464134800,301989019.331154
2022-08-23,113.95015975952148,128.3596199798584,1448264400,294756934.4383034
2022-08-24,114.09610977172852,128.18380996704101,1430529800,292249975.0603201
2022-08-25,114.2947998046875,128.02190494537354,1447486600,308297219.0851317
2022-08-26,114.30630966186523,127.8290124130249,1410240900,273317899.33846474
2022-08-29,114.3740396118164,127.64664493560791,1389049700,264348539.17608237
2022-08-30,114.40996963500976,127.46251247406006,1361536400,260068706.33065408
2022-08-31,114.3434896850586,127.2602225112915,1332909400,233336222.81238282
2022-09-01,114.30853958129883,127.0666625213623,1361270300,248663959.7707939
2022-09-02,114.22069961547851,126.86653247833252,1337109600,232695640.24302772
2022-09-06,113.99739959716797,126.66034748077392,1312041300,230578734.3755147
2022-09-07,113.86972946166992,126.45840496063232,1335208300,245772584.26478946
2022-09-08,113.7971794128418,126.25567245483398,1310970000,245772508.47628674
2022-09-09,113.77614944458008,126.07741245269776,1334167700,260962971.76536703
2022-09-12,113.81408950805664,125.90280246734619,1357134500,263273213.36672497
2022-09-13,113.72573944091796,125.69380249023438,1318961600,229271278.27990222
2022-09-14,113.56047943115234,125.50788749694824,1345356700,246542158.4584871
2022-09-15,113.3272395324707,125.29478500366211,1311168400,225467308.71480355
2022-09-16,113.00757965087891,125.09929748535156,1268371200,255366918.4832387
2022-09-19,112.68190963745117,124.90938999176025,1291408000,271673806.88826555
2022-09-20,112.39117965698242,124.70025997161865,1264890900,262930350.76992372
2022-09-21,112.09636962890625,124.4866524887085,1233403600,231617532.88121563
2022-09-22,111.872099609375,124.27157749176025,1267702200,235117394.38355428
2022-09-23,111.63954956054687,124.028929977417,1236076800,240171544.2107609
2022-09-26,111.36739959716797,123.7788475036621,1209004100,222730377.60742816
2022-09-27,111.13679962158203,123.52815498352051,1178931300,204763518.83910114
2022-09-28,110.86159973144531,123.28839752197266,1211397600,225473318.35540977
2022-09-29,110.53199966430664,123.04636497497559,1180350400,228253639.55971524
2022-09-30,110.15819976806641,122.80507999420166,1147408900,197087506.1265603
2022-10-03,109.9729997253418,122.56607501983643,1175390900,211937148.9833097
2022-10-04,109.85559967041016,122.35204998016357,1204241700,232883735.87014896
2022-10-05,109.78379974365234,122.15057495117188,1182064800,247975358.0873066
2022-10-06,109.55099975585938,121.94963996887208,1159740800,241488049.93527976
2022-10-07,109.24019973754883,121.7256774520874,1132238000,223358351.71501905
2022-10-10,108.87099975585937,121.48290248870849,1114012900,219957495.09751156
2022-10-11,108.51739974975585,121.23421997070312,1087505800,209138307.10679138
2022-10-12,108.16599975585937,120.98248748779297,1109382200,205111282.4885454
2022-10-13,107.78559967041015,120.74435249328613,1143956700,230465902.79558605
2022-10-14,107.3529995727539,120.49387748718262,1118546000,207290342.38384596
2022-10-17,107.00299957275391,120.26272499084473,1146965200,209726279.7123207
2022-10-18,106.67239944458008,120.04231494903564,1171025900,196664693.91738138
2022-10-19,106.33239944458008,119.81550743103027,1147214800,188954423.9023769
2022-10-20,105.9377995300293,119.59335990905761,1172538000,173656821.744274
2022-10-21,105.58359954833985,119.41013492584229,1204996700,202860601.4849168
2022-10-24,105.20039947509765,119.23399742126465,1232173100,225523881.77048236
2022-10-25,104.84839950561523,119.07131244659423,1272784500,252985055.76149422
2022-10-26,104.31299957275391,118.85261497497558,1184670400,176554505.09423745
2022-10-27,103.76639953613281,118.61503501892089,1123959500,129892357.7818671
2022-10-28,103.28879959106445,118.38933254241944,1167656800,168448763.46368724
2022-10-31,102.8347996520996,118.16894752502441,1135981800,153152054.99652907
2022-11-01,102.35939971923828,117.92389503479004,1088820400,107657111.30150017
2022-11-02,101.82159973144532,117.67875503540039,1031782100,53006564.62418785
2022-11-03,101.2163996887207,117.42032253265381,970494100,-4812150.710653767
2022-11-04,100.61499969482422,117.18668506622315,1021619000,44218982.146775514
2022-11-07,100.17799972534179,116.97737754821777,1055697900,64666220.68297601
2022-11-08,99.76759979248047,116.7678575515747,1086126900,63440223.5027744
2022-11-09,99.33519973754883,116.56978256225585,1054357800,32847781.772176344
2022-11-10,99.0495997619629,116.39331756591797,1105977900,67756444.6010912
2022-11-11,98.78299987792968,116.23034255981446,1139068400,89413764.06591871
2022-11-14,98.5399998474121,116.04208755493164,1108888900,90737305.87033841
2022-11-15,98.37259994506836,115.85777008056641,1150529700,91101588.88837537
2022-11-16,98.16059997558594,115.6638000869751,1179634900,97213654.24176893
2022-11-17,97.96020004272461,115.41560009002686,1153582300,104014555.55960242
2022-11-18,97.69580001831055,115.18730010986329,1125240000,99421491.37012798
2022-11-21,97.39059997558594,114.948835105896,1103592600,81192070.44350818
2022-11-22,97.2452000427246,114.73808010101318,1127031100,102116687.55117175
2022-11-23,97.11440002441407,114.53338508605957,1145899200,114205784.04531723
2022-11-25,97.00539993286132,114.31272510528565,1136197800,105443192.62224811
2022-11-28,96.87039993286133,114.0998751449585,1109960300,90926054.96017198
2022-11-29,96.71279998779296,113.90441265106202,1089898600,92423210.38975199
2022-11-30,96.7097999572754,113.73173263549805,1133546100,135411342.6265812
2022-12-01,96.74399993896485,113.55364009857178,1162233200,127952635.34432411
2022-12-02,96.75,113.36715007781983,1140752500,141852025.2302501
2022-12-05,96.76480010986329,113.20185508728028,1116347400,127291079.38587068
2022-12-06,96.74100021362305,113.0347401046753,1091436700,110684021.47060236
2022-12-07,96.68980026245117,112.86037258148194,1060391300,85962731.13911162
2022-12-08,96.56300018310547,112.69098258972168,1028178000,61613757.538188934
2022-12-09,96.47120025634766,112.49167762756348,999952600,36379192.62122795
2022-12-12,96.42440017700196,112.2859300994873,1029372600,58255591.071871564
2022-12-13,96.36420013427734,112.0887950515747,1069966300,28486850.209173538
2022-12-14,96.23280014038086,111.89383758544922,1041232700,25587116.80740128
2022-12-15,96.02140014648438,111.67528007507325,1001125700,4262989.863007631
2022-12-16,95.79820022583007,111.45708255767822,943113900,-6313530.997214675
2022-12-19,95.59340026855469,111.23975009918213,913620900,-30033345.11582424
2022-12-20,95.41660018920898,111.05295757293702,937074700,-10892991.664834391
2022-12-21,95.26460021972656,110.8653350830078,961820300,-2818082.378262517
2022-12-22,95.0686003112793,110.63703510284424,934162000,5404696.56324549
2022-12-23,94.87200042724609,110.42103759765625,957165000,22471452.19529998
2022-12-27,94.68860046386719,110.20863510131836,937067700,10288056.437321728
2022-12-28,94.40960037231446,110.00898010253906,917544500,-7747768.388746114
2022-12-29,94.16320037841797,109.8052400970459,940878000,7252299.01735945
2022-12-30,93.93520050048828,109.57998760223389,916891700,29297523.385069095
2023-01-03,93.71820053100586,109.35639259338379,945022900,14509286.976966878
2023-01-04,93.45720062255859,109.11616508483887,910168100,-3639875.1289235484
2023-01-05,93.13080062866212,108.86665756225585,882973700,-21063970.38772934
2023-01-06,92.78800048828126,108.6040175628662,924355200,10081651.024705216
2023-01-09,92.64980041503907,108.35274005889893,953359100,-14684345.998092365
2023-01-10,92.57380035400391,108.08698001861572,983826900,10419397.789315894
2023-01-11,92.4784002685547,107.8362149810791,1010688900,35621928.89018901
2023-01-12,92.41080017089844,107.58458744049072,980430800,44756320.20744545
2023-01-13,92.44380020141601,107.33265998840332,1006760000,69296169.40802765
2023-01-17,92.5302001953125,107.07941745758056,974157600,73445553.437602
2023-01-18,92.68400024414062,106.83967994689941,945040900,57269677.555631354
2023-01-19,92.81340026855469,106.60417747497559,982041300,80363963.24285214
2023-01-20,93.00400024414063,106.37941997528077,1045232400,132766112.99850264
2023-01-23,93.2218002319336,106.17541496276856,1085237500,164896196.15196455
2023-01-24,93.42940017700195,105.98117492675782,1052159000,145543193.9676184
2023-01-25,93.45500015258789,105.77783241271973,1009829000,154714628.92866084
2023-01-26,93.47720001220704,105.59899486541748,1039943000,183453478.04100442
2023-01-27,93.55060012817383,105.45172737121582,1073822800,195947441.65262035
2023-01-30,93.52060012817383,105.29785488128663,1046596600,184279101.62533212
2023-01-31,93.52040008544923,105.14258487701416,1076467300,212989746.51511317
2023-02-01,93.5618000793457,105.01108486175536,1111998400,233560343.83531523
2023-02-02,93.76800003051758,104.91140235900879,1181882200,296580511.7059969
2023-02-03,93.95160003662109,104.78525733947754,1116572900,286215906.9512609
2023-02-06,94.06860000610351,104.65955738067628,1084573300,280538633.1898822
2023-02-07,94.25220001220703,104.57368488311768,1133583500,319088135.30862343
2023-02-08,94.29040008544922,104.47235740661621,1038840000,273759955.3797713
2023-02-09,94.26960006713867,104.33203742980957,919385000,205820094.12146986
2023-02-10,94.25720001220704,104.2116374206543,864404300,164914439.8984474
2023-02-13,94.12960006713867,104.11321491241455,914480400,171542448.19765416
2023-02-14,94.0034001159668,103.99400241851806,969206500,219084494.18382108
2023-02-15,93.93340011596679,103.90815494537354,1019375500,263172395.4641203
2023-02-16,93.85400009155273,103.80278995513916,976912900,242952214.6943306
2023-02-17,93.80139999389648,103.68786994934082,942628800,241930989.97280368
2023-02-21,93.73839996337891,103.53551494598389,908999500,211713350.00520104
2023-02-22,93.69720001220703,103.411237449646,878115500,223655201.0387297
2023-02-23,93.65839996337891,103.28695495605469,836909100,225167252.69462305
2023-02-24,93.57479995727539,103.17004993438721,800324000,219302267.23942107
2023-02-27,93.45960006713867,103.04742496490479,827826300,227351833.23681593
2023-02-28,93.35940002441406,102.92971244812011,857968300,220565825.74324697
2023-03-01,93.34940002441407,102.81729244232177,889079500,221023440.9212474
2023-03-02,93.38419998168945,102.69703994750977,921283900,246523614.5241335
2023-03-03,93.48839996337891,102.59306495666505,956444000,277288623.4355793
2023-03-06,93.61059997558594,102.48634994506835,989083300,282093279.27264345
2023-03-07,93.69619995117188,102.39615245819091,961247800,262842609.72890988
2023-03-08,93.82599990844727,102.31548244476318,995351100,237439135.22122014
2023-03-09,93.88779983520507,102.23254245758056,966537600,215293197.97461396
2023-03-10,93.95259979248047,102.12825244903564,930596600,186269585.88633004
2023-03-13,94.05439987182618,102.05395244598388,967932200,188995715.782643
2023-03-14,94.16479995727539,101.99477745056153,1003982400,210400530.98581555
2023-03-15,94.32239990234375,101.93636493682861,1054604500,241670604.08944905
2023-03-16,94.5463998413086,101.87638244628906,1120096500,287135118.87625515
2023-03-17,94.81719985961914,101.81567245483399,1181125000,293817314.54392517
2023-03-20,95.11759994506836,101.75231246948242,1148164600,308193674.87750876
2023-03-21,95.46919998168946,101.68879997253418,1190274900,346396824.2503446
2023-03-22,95.77620010375976,101.63294498443604,1146847500,304035153.5056114
2023-03-23,96.11980010986328,101.57684246063232,1187645300,313791013.09105426
2023-03-24,96.39820022583008,101.51829498291016,1157252000,342342465.2543324
2023-03-27,96.62480026245117,101.44462497711181,1126131100,322878122.3841722
2023-03-28,96.80300018310547,101.37559745788575,1094073200,321340321.5139705
2023-03-29,97.0050001525879,101.3267399597168,1122852800,315709509.456186
2023-03-30,97.20040008544922,101.29922744750976,1089766600,335848776.4840498
2023-03-31,97.41400009155274,101.28429996490479,1126630000,368573228.476929
2023-04-03,97.54080017089844,101.25727745056152,1151665400,390334801.81804824
2023-04-04,97.63940017700196,101.2507099533081,1176085500,387480501.2730918
2023-04-05,97.77480026245117,101.23734245300292,1147795000,377973021.4816499
2023-04-06,98.03880020141601,101.22172245025635,1196506500,411587970.8028855
2023-04-10,98.21720031738282,101.1964849472046,1169439100,413450977.6390878
2023-04-11,98.3368002319336,101.16202495574952,1143127300,404338037.71545607
2023-04-12,98.49080017089844,101.09534996032716,1118757000,386035084.8213557
2023-04-13,98.66260025024414,101.05333244323731,1143600600,409071952.7386254
2023-04-14,98.83140029907227,101.03764495849609,1170178600,433878098.94646406
2023-04-17,98.79600036621093,101.00898746490479,1132607400,462743702.39270264
2023-04-18,98.790400390625,100.98667247772217,1106011000,445407589.40852976
2023-04-19,98.81600036621094,100.96388496398926,1085105300,448800627.90853775
2023-04-20,98.76900039672852,100.92401996612548,1112926100,454177752.82366866
2023-04-21,98.88980041503906,100.87820999145508,1138726200,455023837.599915
2023-04-24,99.10900039672852,100.81414501190186,1162269000,462464925.53559095
2023-04-25,99.29460037231445,100.73662750244141,1115604900,416128362.1571417
2023-04-26,99.47660034179688,100.67679500579834,1062257300,393756830.31632525
2023-04-27,99.73480026245117,100.64464248657227,1112346500,427668025.2667105
2023-04-28,99.94280014038085,100.62457496643066,1076206700,463487936.00895536
2023-05-01,100.1766000366211,100.608737449646,1049525000,454137840.4261861
2023-05-02,100.39600006103515,100.57644996643066,1018527800,451739804.5903078
2023-05-03,100.66840011596679,100.55834999084473,1040323200,437697791.5497664
2023-05-04,100.92920013427734,100.51275001525879,1016903700,434967981.1218175
2023-05-05,101.22280014038085,100.47110000610351,1043528800,452266830.6685789
2023-05-08,101.59560012817383,100.43825000762939,1069997300,475143125.0669593
2023-05-09,101.95310012817383,100.43747501373291,1041246439,456533829.23938894
